<?xml version="1.0" encoding="UTF-8"?>
<addon id="plugin.video.filelist.ro.api"
version="1.0.3"
name="FileList.ro Video Plugin "
provider-name="Dark1">
<requires>
  <import addon="xbmc.python" version="2.25.0"/>
  <import addon="script.module.simplecache" version="1.0.18" />
</requires>
<extension point="xbmc.python.pluginsource" library="main.py">
  <provides>video</provides>
</extension>
<extension point="xbmc.addon.metadata">
  <summary lang="en">Filelist.ro Kodi Video Plugin</summary>
  <description lang="en_GB">Video plugin for Filelist.ro using the API of the site</description>
  <disclaimer lang="en_GB">The usage of this plugin is at your own risk.</disclaimer>
  <assets>
    <icon>icon.png</icon>
    <fanart>fanart.jpg</fanart>
  </assets>
  <news>Updated with latest artwork metadata</news>
  <language>en</language>
	<platform>all</platform>
</extension>
</addon>
